Category,Carbon kg CO2eq/kg
vegan,1.0336619718309858
vegetarian,3.03904255319149
fish,5.99
Beef,13.81
Chicken,3.15
